1999bu,/Users/natalie/Documents/pre/1999bu/anonymous67135/u2e63801t_c0m.fits,anonymous67135,u2e63801t_c0m.fits,WFPC2,F606W,174.92708333333334,31.908080555555554,1995-03-30,4/16/1999,1,446.02014429401038,520.71694908182042
1999dn,/Users/natalie/Documents/pre/1999dn/anonymous67136/u2e68801t_c0m.fits,anonymous67136,u2e68801t_c0m.fits,WFPC2,F606W,354.06170833333334,2.1523333333333334,1995-05-13,8/19/1999,1,524.40423784943755,127.02604184681232
1999dn,/Users/natalie/Documents/pre/1999dn/anonymous67136/u3gq0201r_c0m.fits,anonymous67136,u3gq0201r_c0m.fits,WFPC2,F380W,354.06170833333334,2.1523333333333334,1998-08-29,8/19/1999,1,595.46771346336095,165.42446365239297
1999dn,/Users/natalie/Documents/pre/1999dn/anonymous67136/u3gq0202r_c0m.fits,anonymous67136,u3gq0202r_c0m.fits,WFPC2,F380W,354.06170833333334,2.1523333333333334,1998-08-29,8/19/1999,1,595.46771346336095,165.42446365239297
1999dn,/Users/natalie/Documents/pre/1999dn/anonymous67136/u3gq0203r_c0m.fits,anonymous67136,u3gq0203r_c0m.fits,WFPC2,F380W,354.06170833333334,2.1523333333333334,1998-08-29,8/19/1999,1,600.96945335235682,170.93830739610326
1999dn,/Users/natalie/Documents/pre/1999dn/anonymous67136/u3gq0204m_c0m.fits,anonymous67136,u3gq0204m_c0m.fits,WFPC2,F380W,354.06170833333334,2.1523333333333334,1998-08-29,8/19/1999,1,600.96945335235682,170.93830739610326
2000c,/Users/natalie/Documents/pre/2000c/anonymous67134/u3wr0101m_c0m.fits,anonymous67134,u3wr0101m_c0m.fits,WFPC2,F656N,114.23795833333334,35.244166666666665,1997-05-19,1/8/2000,1,697.08492656094404,426.68273151008367
2000c,/Users/natalie/Documents/pre/2000c/anonymous67134/u3wr0102m_c0m.fits,anonymous67134,u3wr0102m_c0m.fits,WFPC2,F547M,114.23795833333334,35.244166666666665,1997-05-19,1/8/2000,1,697.13175591267077,426.68364273869861
2000c,/Users/natalie/Documents/pre/2000c/anonymous67134/u3wr0103m_c0m.fits,anonymous67134,u3wr0103m_c0m.fits,WFPC2,F547M,114.23795833333334,35.244166666666665,1997-05-19,1/8/2000,1,697.13175591267077,426.68364273869861
2000c,/Users/natalie/Documents/pre/2000c/anonymous67134/u3wr0104m_c0m.fits,anonymous67134,u3wr0104m_c0m.fits,WFPC2,F814W,114.23795833333334,35.244166666666665,1997-05-19,1/8/2000,1,697.02494540184955,426.67612221928948
2000c,/Users/natalie/Documents/pre/2000c/anonymous67134/u3wr0105m_c0m.fits,anonymous67134,u3wr0105m_c0m.fits,WFPC2,F814W,114.23795833333334,35.244166666666665,1997-05-19,1/8/2000,1,697.02494540184955,426.67612221928948
2001ai,/Users/natalie/Documents/pre/2001ai/anonymous67133/u65r2701r_c0m.fits,anonymous67133,u65r2701r_c0m.fits,WFPC2,F814W,205.41404166666666,55.668277777777774,2000-12-18,3/28/2001,3,139.49724581900793,467.63757162319445
2001ai,/Users/natalie/Documents/pre/2001ai/anonymous67133/u65r2702r_c0m.fits,anonymous67133,u65r2702r_c0m.fits,WFPC2,F255W,205.41404166666666,55.668277777777774,2000-12-18,3/28/2001,3,139.22751526271213,467.69140901574883
2001ai,/Users/natalie/Documents/pre/2001ai/anonymous67133/u65r2703r_c0m.fits,anonymous67133,u65r2703r_c0m.fits,WFPC2,F300W,205.41404166666666,55.668277777777774,2000-12-18,3/28/2001,3,139.25698673606701,467.68880050661039
2001ai,/Users/natalie/Documents/pre/2001ai/anonymous67133/u65r2704r_c0m.fits,anonymous67133,u65r2704r_c0m.fits,WFPC2,F255W,205.41404166666666,55.668277777777774,2000-12-18,3/28/2001,3,142.58085539598909,471.03525262716227
2001ai,/Users/natalie/Documents/pre/2001ai/anonymous67133/u65r2705r_c0m.fits,anonymous67133,u65r2705r_c0m.fits,WFPC2,F300W,205.41404166666666,55.668277777777774,2000-12-18,3/28/2001,3,142.60977561570397,471.0322554061363
2001ai,/Users/natalie/Documents/pre/2001ai/anonymous67133/u65r2706r_c0m.fits,anonymous67133,u65r2706r_c0m.fits,WFPC2,F814W,205.41404166666666,55.668277777777774,2000-12-18,3/28/2001,3,146.19626516891523,474.31821368115101
2001ai,/Users/natalie/Documents/pre/2001ai/anonymous67133/u65r2707r_c0m.fits,anonymous67133,u65r2707r_c0m.fits,WFPC2,F255W,205.41404166666666,55.668277777777774,2000-12-18,3/28/2001,3,145.93408544985698,474.3788745653477
2001ai,/Users/natalie/Documents/pre/2001ai/anonymous67133/u65r2708r_c0m.fits,anonymous67133,u65r2708r_c0m.fits,WFPC2,F300W,205.41404166666666,55.668277777777774,2000-12-18,3/28/2001,3,145.96246274190668,474.37549226521082
2001b,/Users/natalie/Documents/pre/2001b/anonymous68615all/u2920b01t_c0m.fits,anonymous68615all,u2920b01t_c0m.fits,WFPC2,F555W,74.33016666666667,78.187944444444454,1994-02-21,1/3/2001,3,527.12155906263126,425.24307430634212
2001ci,/Users/natalie/Documents/pre/2001ci/anonymous68616/u54v0301m_c0m.fits,anonymous68616,u54v0301m_c0m.fits,WFPC2,F814W,150.48837499999999,55.687222222222218,1999-03-04,4/25/2001,3,93.415174369691186,96.581620659288632
2001ci,/Users/natalie/Documents/pre/2001ci/anonymous68616/u54v0302r_c0m.fits,anonymous68616,u54v0302r_c0m.fits,WFPC2,F814W,150.48837499999999,55.687222222222218,1999-03-04,4/25/2001,3,93.415174369691186,96.581620659288632
2001ci,/Users/natalie/Documents/pre/2001ci/anonymous68616/u54v0303r_c0m.fits,anonymous68616,u54v0303r_c0m.fits,WFPC2,F547M,150.48837499999999,55.687222222222218,1999-03-04,4/25/2001,3,93.291974446784209,96.453307476100377
2001ci,/Users/natalie/Documents/pre/2001ci/anonymous68616/u54v0304r_c0m.fits,anonymous68616,u54v0304r_c0m.fits,WFPC2,F547M,150.48837499999999,55.687222222222218,1999-03-04,4/25/2001,3,93.291974446784209,96.453307476100377
2001ci,/Users/natalie/Documents/pre/2001ci/anonymous68616/u54v0305r_c0m.fits,anonymous68616,u54v0305r_c0m.fits,WFPC2,F658N,150.48837499999999,55.687222222222218,1999-03-04,4/25/2001,3,93.361019838796423,96.525455986272846
2001ci,/Users/natalie/Documents/pre/2001ci/anonymous68616/u54v0306r_c0m.fits,anonymous68616,u54v0306r_c0m.fits,WFPC2,F658N,150.48837499999999,55.687222222222218,1999-03-04,4/25/2001,3,93.361019838796423,96.525455986272846
2001ci,/Users/natalie/Documents/pre/2001ci/anonymous68616/u54v0307r_c0m.fits,anonymous68616,u54v0307r_c0m.fits,WFPC2,F658N,150.48837499999999,55.687222222222218,1999-03-04,4/25/2001,3,93.361019838796423,96.525455986272846
2001ci,/Users/natalie/Documents/pre/2001ci/anonymous68616/u67n2601r_c0m.fits,anonymous68616,u67n2601r_c0m.fits,WFPC2,F606W,150.48837499999999,55.687222222222218,2001-01-21,4/25/2001,2,234.45077149920422,152.09808207788697
2001ci,/Users/natalie/Documents/pre/2001ci/anonymous68616/u67n2602r_c0m.fits,anonymous68616,u67n2602r_c0m.fits,WFPC2,F606W,150.48837499999999,55.687222222222218,2001-01-21,4/25/2001,2,234.45077149920422,152.09808207788697
2001is,/Users/natalie/Documents/pre/2001is/anonymous67090/u2ex0101n_c0m.fits,anonymous67090,u2ex0101n_c0m.fits,WFPC2,F218W,85.537999999999997,69.365138888888879,1994-08-28,12/22/2001,4,426.70632332864164,261.15099429352085
2001is,/Users/natalie/Documents/pre/2001is/anonymous67090/u2ex0102p_c0m.fits,anonymous67090,u2ex0102p_c0m.fits,WFPC2,F218W,85.537999999999997,69.365138888888879,1994-08-28,12/22/2001,4,426.70632332864164,261.15099429352085
2001is,/Users/natalie/Documents/pre/2001is/anonymous67090/u2ex0103p_c0m.fits,anonymous67090,u2ex0103p_c0m.fits,WFPC2,F547M,85.537999999999997,69.365138888888879,1994-08-28,12/22/2001,4,426.72102739874373,261.28105629367928
2001is,/Users/natalie/Documents/pre/2001is/anonymous67090/u6f4a101r_c0m.fits,anonymous67090,u6f4a101r_c0m.fits,WFPC2,FR680N,85.537999999999997,69.365138888888879,2001-07-14,12/22/2001,3,567.38044474336675,356.34621387569399
2001is,/Users/natalie/Documents/pre/2001is/anonymous67090/u6f4a102r_c0m.fits,anonymous67090,u6f4a102r_c0m.fits,WFPC2,FR680N,85.537999999999997,69.365138888888879,2001-07-14,12/22/2001,3,567.38044474336675,356.34621387569399
2001is,/Users/natalie/Documents/pre/2001is/anonymous67090/u6f4a103r_c0m.fits,anonymous67090,u6f4a103r_c0m.fits,WFPC2,FR680N,85.537999999999997,69.365138888888879,2001-07-14,12/22/2001,3,566.8765808924735,356.34916292124325
2001is,/Users/natalie/Documents/pre/2001is/anonymous67090/u6f4a104r_c0m.fits,anonymous67090,u6f4a104r_c0m.fits,WFPC2,FR680N,85.537999999999997,69.365138888888879,2001-07-14,12/22/2001,3,566.8765808924735,356.34916292124325
2001is,/Users/natalie/Documents/pre/2001is/anonymous67090/u6f4a105r_c0m.fits,anonymous67090,u6f4a105r_c0m.fits,WFPC2,FR680N,85.537999999999997,69.365138888888879,2001-07-14,12/22/2001,3,566.874326654127,355.84641992149869
2001is,/Users/natalie/Documents/pre/2001is/anonymous67090/u6f4a106r_c0m.fits,anonymous67090,u6f4a106r_c0m.fits,WFPC2,FR680N,85.537999999999997,69.365138888888879,2001-07-14,12/22/2001,3,566.874326654127,355.84641992149869
2001is,/Users/natalie/Documents/pre/2001is/anonymous67090/u6f4a107r_c0m.fits,anonymous67090,u6f4a107r_c0m.fits,WFPC2,FR680N,85.537999999999997,69.365138888888879,2001-07-14,12/22/2001,3,567.37819079208919,355.84346755194565
2001is,/Users/natalie/Documents/pre/2001is/anonymous67090/u6f4a108r_c0m.fits,anonymous67090,u6f4a108r_c0m.fits,WFPC2,FR680N,85.537999999999997,69.365138888888879,2001-07-14,12/22/2001,3,567.37819079208919,355.84346755194565
2001is,/Users/natalie/Documents/pre/2001is/anonymous67090/u6f4a109r_c0m.fits,anonymous67090,u6f4a109r_c0m.fits,WFPC2,F547M,85.537999999999997,69.365138888888879,2001-07-14,12/22/2001,3,567.40192927637895,356.27826856151535
2001is,/Users/natalie/Documents/pre/2001is/anonymous67090/u6f4a10ar_c0m.fits,anonymous67090,u6f4a10ar_c0m.fits,WFPC2,F547M,85.537999999999997,69.365138888888879,2001-07-14,12/22/2001,3,567.40192927637895,356.27826856151535
2001is,/Users/natalie/Documents/pre/2001is/anonymous67090/u6f4a10br_c0m.fits,anonymous67090,u6f4a10br_c0m.fits,WFPC2,F547M,85.537999999999997,69.365138888888879,2001-07-14,12/22/2001,3,566.89795493983604,356.2812257409222
2001is,/Users/natalie/Documents/pre/2001is/anonymous67090/u6f4a10cr_c0m.fits,anonymous67090,u6f4a10cr_c0m.fits,WFPC2,F547M,85.537999999999997,69.365138888888879,2001-07-14,12/22/2001,3,566.89795493983604,356.2812257409222
2001is,/Users/natalie/Documents/pre/2001is/anonymous67090/u6f4a10dr_c0m.fits,anonymous67090,u6f4a10dr_c0m.fits,WFPC2,F547M,85.537999999999997,69.365138888888879,2001-07-14,12/22/2001,3,566.89571600733325,355.77838248509033
2001is,/Users/natalie/Documents/pre/2001is/anonymous67090/u6f4a10er_c0m.fits,anonymous67090,u6f4a10er_c0m.fits,WFPC2,F547M,85.537999999999997,69.365138888888879,2001-07-14,12/22/2001,3,566.89571600733325,355.77838248509033
2001is,/Users/natalie/Documents/pre/2001is/anonymous67090/u6f4a10fr_c0m.fits,anonymous67090,u6f4a10fr_c0m.fits,WFPC2,F547M,85.537999999999997,69.365138888888879,2001-07-14,12/22/2001,3,567.39969076411887,355.7754220093147
2001is,/Users/natalie/Documents/pre/2001is/anonymous67090/u6f4a10gr_c0m.fits,anonymous67090,u6f4a10gr_c0m.fits,WFPC2,F547M,85.537999999999997,69.365138888888879,2001-07-14,12/22/2001,3,567.39969076411887,355.7754220093147
2003jg,/Users/natalie/Documents/pre/2003jg/anonymous68617/u29r1301t_c0m.fits,anonymous68617,u29r1301t_c0m.fits,WFPC2,F606W,146.40795833333334,-31.189166666666665,1994-06-21,10/24/2003,1,345.59465502494641,120.30388850181413
2003jg,/Users/natalie/Documents/pre/2003jg/anonymous68617/u29r1302t_c0m.fits,anonymous68617,u29r1302t_c0m.fits,WFPC2,F606W,146.40795833333334,-31.189166666666665,1994-06-21,10/24/2003,1,345.59465502494641,120.30388850181413
2003jg,/Users/natalie/Documents/pre/2003jg/anonymous68617/u6ea3801r_c0m.fits,anonymous68617,u6ea3801r_c0m.fits,WFPC2,F450W,146.40795833333334,-31.189166666666665,2001-08-02,10/24/2003,3,231.03919618048357,144.12982360300052
2003jg,/Users/natalie/Documents/pre/2003jg/anonymous68617/u6ea3802r_c0m.fits,anonymous68617,u6ea3802r_c0m.fits,WFPC2,F450W,146.40795833333334,-31.189166666666665,2001-08-02,10/24/2003,3,231.03919618048357,144.12982360300052
2003jg,/Users/natalie/Documents/pre/2003jg/anonymous68617/u6ea3803r_c0m.fits,anonymous68617,u6ea3803r_c0m.fits,WFPC2,F814W,146.40795833333334,-31.189166666666665,2001-08-02,10/24/2003,3,231.1521149222543,144.31070270801939
2003jg,/Users/natalie/Documents/pre/2003jg/anonymous68617/u6ea3804r_c0m.fits,anonymous68617,u6ea3804r_c0m.fits,WFPC2,F814W,146.40795833333334,-31.189166666666665,2001-08-02,10/24/2003,3,231.1521149222543,144.31070270801939
2004gt,/Users/natalie/Documents/pre/2004gt/anonymous68618preexp/u3040101t_c0m.fits,anonymous68618preexp,u3040101t_c0m.fits,WFPC2,F336W,180.45987500000001,-18.87018888888889,1996-01-20,12/12/2004,1,381.05495766406841,529.85085581327712
2004gt,/Users/natalie/Documents/pre/2004gt/anonymous68618preexp/u3040102t_c0m.fits,anonymous68618preexp,u3040102t_c0m.fits,WFPC2,F336W,180.45987500000001,-18.87018888888889,1996-01-20,12/12/2004,1,381.05495766406841,529.85085581327712
2004gt,/Users/natalie/Documents/pre/2004gt/anonymous68618preexp/u3040103t_c0m.fits,anonymous68618preexp,u3040103t_c0m.fits,WFPC2,F439W,180.45987500000001,-18.87018888888889,1996-01-20,12/12/2004,1,381.07075317297767,529.81400801653774
2004gt,/Users/natalie/Documents/pre/2004gt/anonymous68618preexp/u3040104t_c0m.fits,anonymous68618preexp,u3040104t_c0m.fits,WFPC2,F439W,180.45987500000001,-18.87018888888889,1996-01-20,12/12/2004,1,381.07075317297767,529.81400801653774
2004gt,/Users/natalie/Documents/pre/2004gt/anonymous68618preexp/u3040105t_c0m.fits,anonymous68618preexp,u3040105t_c0m.fits,WFPC2,F439W,180.45987500000001,-18.87018888888889,1996-01-20,12/12/2004,1,381.07075317297767,529.81400801653774
2004gt,/Users/natalie/Documents/pre/2004gt/anonymous68618preexp/u3040106t_c0m.fits,anonymous68618preexp,u3040106t_c0m.fits,WFPC2,F814W,180.45987500000001,-18.87018888888889,1996-01-20,12/12/2004,1,381.10063583208188,529.72659195103881
2004gt,/Users/natalie/Documents/pre/2004gt/anonymous68618preexp/u3040107t_c0m.fits,anonymous68618preexp,u3040107t_c0m.fits,WFPC2,F555W,180.45987500000001,-18.87018888888889,1996-01-20,12/12/2004,1,381.08443179098117,529.78030629168643
2004gt,/Users/natalie/Documents/pre/2004gt/anonymous68618preexp/u3040108t_c0m.fits,anonymous68618preexp,u3040108t_c0m.fits,WFPC2,F555W,180.45987500000001,-18.87018888888889,1996-01-20,12/12/2004,1,381.08443179098117,529.78030629168643
2004gt,/Users/natalie/Documents/pre/2004gt/anonymous68618preexp/u3040109t_c0m.fits,anonymous68618preexp,u3040109t_c0m.fits,WFPC2,F555W,180.45987500000001,-18.87018888888889,1996-01-20,12/12/2004,1,381.08443179098117,529.78030629168643
2004gt,/Users/natalie/Documents/pre/2004gt/anonymous68618preexp/u304010bt_c0m.fits,anonymous68618preexp,u304010bt_c0m.fits,WFPC2,F814W,180.45987500000001,-18.87018888888889,1996-01-20,12/12/2004,1,381.10063583208188,529.72659195103881
2004gt,/Users/natalie/Documents/pre/2004gt/anonymous68618preexp/u304010ct_c0m.fits,anonymous68618preexp,u304010ct_c0m.fits,WFPC2,F814W,180.45987500000001,-18.87018888888889,1996-01-20,12/12/2004,1,386.60702685395887,535.20247688202767
2004gt,/Users/natalie/Documents/pre/2004gt/anonymous68618preexp/u304010dt_c0m.fits,anonymous68618preexp,u304010dt_c0m.fits,WFPC2,F814W,180.45987500000001,-18.87018888888889,1996-01-20,12/12/2004,1,386.60702685395887,535.20247688202767
2004gt,/Users/natalie/Documents/pre/2004gt/anonymous68618preexp/u304010et_c0m.fits,anonymous68618preexp,u304010et_c0m.fits,WFPC2,F439W,180.45987500000001,-18.87018888888889,1996-01-20,12/12/2004,1,386.58006064909392,535.29417923474386
2004gt,/Users/natalie/Documents/pre/2004gt/anonymous68618preexp/u304010ft_c0m.fits,anonymous68618preexp,u304010ft_c0m.fits,WFPC2,F439W,180.45987500000001,-18.87018888888889,1996-01-20,12/12/2004,1,386.58006064909392,535.29417923474386
2007gr,/Users/natalie/Documents/pre/2007gr/anonymous68621/u6ean201r_c0m.fits,anonymous68621,u6ean201r_c0m.fits,WFPC2,F450W,40.866583333333331,37.345750000000002,2001-07-03,8/15/2007,2,238.48176909561718,108.50887391246455
2007gr,/Users/natalie/Documents/pre/2007gr/anonymous68621/u6ean202r_c0m.fits,anonymous68621,u6ean202r_c0m.fits,WFPC2,F450W,40.866583333333331,37.345750000000002,2001-07-03,8/15/2007,2,238.48176909561718,108.50887391246455
2007gr,/Users/natalie/Documents/pre/2007gr/anonymous68621/u6ean203r_c0m.fits,anonymous68621,u6ean203r_c0m.fits,WFPC2,F814W,40.866583333333331,37.345750000000002,2001-07-03,8/15/2007,2,238.59365952828676,108.67588981150458
2007gr,/Users/natalie/Documents/pre/2007gr/anonymous68621/u6ean204r_c0m.fits,anonymous68621,u6ean204r_c0m.fits,WFPC2,F814W,40.866583333333331,37.345750000000002,2001-07-03,8/15/2007,2,238.59365952828676,108.67588981150458
